country_region,continent,population,total_cases,new_cases,total_deaths,new_deaths,total_recovered,new_recovered,active_cases,serious_critical,tot_cases_1m_pop,deaths_1m_pop,total_tests,tests_1m_pop,who_region,CFR,mortality_rate_per_million,recovery_rate,active_case_ratio,growth_rate
USA,North America,331198130,5032179,0,162804,0,2576668,0,2292707,18296,15194,492,63139605,190640,Americas,3.2352585231964124,491.56074643295847,51.203822439543586,45.56091903726,0
Brazil,South America,212710692,2917562,0,98644,0,2047660,0,771258,8318,13716,464,13206188,62085,Americas,3.3810421166713853,463.7472572370739,70.18394124957756,26.435016633751058,0
India,Asia,1381344997,2025409,0,41638,0,1377384,0,606387,8944,1466,30,22149351,16035,South-EastAsia,2.0557823135969078,30.143085246936323,68.005227586132,29.938990100271106,0
Russia,Europe,145940924,871894,0,14606,0,676357,0,180931,2300,5974,100,29716907,203623,Europe,1.675203637139377,100.08159191865882,77.5733059293905,20.751490433470124,0
South Africa,Africa,59381566,538184,0,9604,0,387316,0,141264,539,9063,162,3149807,53044,Africa,1.784519792487328,161.7336935843019,71.96720824104767,26.248271966465005,0
Mexico,North America,129066160,462690,6590,50517,819,308848,4140,103325,3987,3585,391,1056915,8189,Americas,10.918109317253451,391.4039125360203,66.75052410901468,22.331366573731874,1.4242797553437507
Peru,South America,33016319,455409,0,20424,0,310337,0,124648,1426,13793,619,2493429,75521,Americas,4.484759853230832,618.6031822626865,68.14467873933103,27.37056140743815,0
Chile,South America,19132514,366671,0,9889,0,340168,0,16614,1358,19165,517,1760615,92022,Americas,2.69696812674032,516.8688234071069,92.77199451279212,4.5310373604675585,0
Colombia,South America,50936262,357710,0,11939,0,192355,0,153416,1493,7023,234,1801835,35374,Americas,3.3376198596628557,234.3909727808452,53.774006877079195,42.88837326325795,0
Spain,Europe,46756648,354530,0,28500,0,0,0,0,617,7582,610,7064329,151087,Europe,8.038811948213127,609.5389900490728,0,0,0
Iran,Asia,84097623,320117,0,17976,0,277463,0,24678,4156,3806,214,2612763,31068,EasternMediterranean,5.615446852244648,213.75158249121975,86.67549677149292,7.709056376262429,0
UK,Europe,67922029,308134,0,46413,0,0,0,0,73,4537,683,17515234,257873,Europe,15.06260263391901,683.3276432304459,0,0,0
Saudi Arabia,Asia,34865919,284226,0,3055,0,247089,0,34082,1915,8152,88,3635705,104277,EasternMediterranean,1.0748488878568463,87.62138178546219,86.93398914947964,11.991161962663515,0
Pakistan,Asia,221295851,281863,0,6035,0,256058,0,19770,809,1274,27,2058872,9304,EasternMediterranean,2.1411111071690856,27.271184582669832,90.84484306205496,7.014045830775944,0
Bangladesh,Asia,164851401,249651,0,3306,0,143824,0,102521,0,1514,20,1225124,7432,South-EastAsia,1.3242486511169593,20.05442465120451,57.61002359293573,41.0657277559473,0
Italy,Europe,60452568,249204,0,35187,0,201323,0,12694,42,4122,582,7099713,117443,Europe,14.119757307266337,582.0596405433099,80.78642397393301,5.093818718800661,0
Turkey,Asia,84428331,237265,0,5798,0,220546,0,10921,580,2810,69,5081802,60191,Europe,2.443681116051672,68.67363041915397,92.95344867553158,4.602870208416749,0
Argentina,South America,45236884,228195,0,4251,0,99852,0,124092,1150,5044,94,794544,17564,Americas,1.8628804312101492,93.97198975950687,43.75731282455794,54.37980674423191,0
Germany,Europe,83811260,215210,0,9252,0,196200,0,9758,236,2568,110,8586648,102452,Europe,4.299056735281818,110.39089497043715,91.16676734352492,4.534175921193253,0
France,Europe,65288306,195633,0,30312,0,82460,0,82861,384,2996,464,3992206,61147,Europe,15.494318443207433,464.2791620294146,42.150352956811986,42.355328599980574,0
Iraq,Asia,40306025,140603,0,5161,0,101025,0,34417,517,3488,128,1092741,27111,EasternMediterranean,3.6706186923465363,128.04537286919262,71.85124072743825,24.478140580215214,0
Philippines,Asia,109722719,119460,0,2150,0,66837,0,50473,239,1089,20,1669996,15220,WesternPacific,1.7997656119203083,19.59484799132621,55.94927172275238,42.25096266532731,0
Indonesia,Asia,273808365,118753,0,5521,0,75645,0,37587,0,434,20,1633156,5965,South-EastAsia,4.649145705792695,20.163737510356924,63.69944338248297,31.651410911724337,0
Canada,North America,37775022,118561,0,8966,0,103106,0,6489,2263,3139,237,4319172,114339,Americas,7.562351869501775,237.35260829232607,86.96451615624025,5.473131974257977,0
Qatar,Asia,2807805,112092,0,178,0,108831,0,3083,77,39922,63,511000,181993,EasternMediterranean,0.15879813010741178,63.39471580113291,97.09078257145916,2.75041929843343,0
Kazakhstan,Asia,18798667,95942,0,1058,0,68871,0,26013,221,5104,56,2163713,115099,Europe,1.1027495778699632,56.2805862777398,71.78399449667508,27.11325592545496,0
Egypt,Africa,102516525,95006,0,4951,0,48898,0,41157,41,927,48,135000,1317,EasternMediterranean,5.211249815801107,48.29465298399454,51.46832831610635,43.32042186809254,0
Ecuador,South America,17668824,90537,0,5877,0,71318,0,13342,378,5124,333,258582,14635,Americas,6.4912687630471515,332.61976009269205,78.7722146746634,14.73651656228945,0
Bolivia,South America,11688459,86423,1282,3465,80,27373,936,55585,71,7394,296,183583,15706,Americas,4.00934936301679,296.446263788922,31.673281418141002,64.3173692188422,1.483401409347049
Sweden,Europe,10105596,81967,0,5766,0,0,0,0,38,8111,571,863315,85429,Europe,7.034538289799554,570.5749566873641,0,0,0
Oman,Asia,5118446,80713,0,492,0,70910,0,9311,177,15769,96,309212,60411,EasternMediterranean,0.6095672320444043,96.12292480960042,87.85449679729412,11.535935970661479,0
Israel,Asia,9197590,79559,0,576,0,53427,0,25556,358,8650,63,1872453,203581,Europe,0.7239910003896479,62.62510070572835,67.1539360726002,32.122072927010144,0
Ukraine,Europe,43705858,76808,0,1819,0,42524,0,32465,158,1757,42,1116641,25549,Europe,2.3682428913654827,41.61913489949105,55.36402458077284,42.26773252786168,0
Dominican Republic,North America,10858648,76536,0,1246,0,40539,0,34751,317,7048,115,281926,25963,Americas,1.6279920560259225,114.74725030224758,52.96723110693007,45.404776837044004,0
Panama,North America,4321282,71418,0,1574,0,45658,0,24186,161,16527,364,240995,55769,Americas,2.203926181074799,364.2437591436986,63.930661737937214,33.86541208098799,0
Belgium,Europe,11594739,71158,0,9859,0,17661,0,43638,61,6137,850,1767120,152407,Europe,13.855083054610867,850.2994332170823,24.819415947609542,61.32550099777959,0
Kuwait,Asia,4276658,70045,0,469,0,61610,0,7966,127,16378,110,522200,122105,EasternMediterranean,0.6695695624241559,109.66507024877836,87.95774145192377,11.372688985652081,0
Belarus,Europe,9449001,68503,0,580,0,63756,0,4167,0,7250,61,1344303,142269,Europe,0.8466782476679853,61.382150345840785,93.07037647986219,6.082945272469819,0
UAE,Asia,9902079,61845,0,354,0,55739,0,5752,0,6246,36,5262658,531470,EasternMediterranean,0.57239873878244,35.75006824324468,90.1269302287978,9.300671032419759,0
Romania,Europe,19224023,57895,0,2566,0,28992,0,26337,458,3012,133,1319369,68631,Europe,4.4321616719924,133.47882490569222,50.07686328698506,45.490975041022544,0
Netherlands,Europe,17138756,56982,0,6153,0,0,0,0,37,3325,359,1079860,63007,Europe,10.798146783194692,359.0108873712888,0,0,0
Singapore,Asia,5854932,54555,0,27,0,48031,0,6497,0,9318,5,1474372,251817,WesternPacific,0.049491339015672264,4.611496768877931,88.04142608376867,11.909082577215655,0
Guatemala,North America,17946899,54339,0,2119,0,42070,0,10150,5,3028,118,172712,9624,Americas,3.8995932939509377,118.07053686544957,77.42137323101271,18.67903347503635,0
Portugal,Europe,10193593,52061,0,1743,0,37840,0,12478,42,5107,171,1705474,167308,Europe,3.3479956205220796,170.98975797836937,72.68396688500029,23.96803749447763,0
Poland,Europe,37842302,49515,0,1774,0,35642,0,12099,72,1308,47,2374686,62752,Europe,3.582752701201656,46.87875489181393,71.98222760779561,24.435019691002726,0
Nigeria,Africa,206606300,45244,0,930,0,32430,0,11884,7,219,5,306894,1485,Africa,2.055521174078331,4.5013148195384165,71.67801255415083,26.266466271770845,0
Honduras,North America,9919704,45098,0,1423,0,6116,0,37559,52,4546,143,109292,11018,Americas,3.155350569870061,143.45186106359625,13.561577010066966,83.28307242006298,0
Bahrain,Asia,1706669,42889,0,156,0,39945,0,2788,41,25130,91,876700,513691,EasternMediterranean,0.36372962764345174,91.40612503068844,93.13576907831845,6.500501294038099,0
Japan,Asia,126435859,42263,0,1026,0,28877,0,12360,115,334,8,938739,7425,WesternPacific,2.427655395972837,8.114786486324263,68.3269053309041,29.245439273123065,0
Armenia,Asia,2963811,39819,0,772,0,31556,0,7491,0,13435,260,171600,57898,Europe,1.938772947587835,260.4754486706474,79.24859991461362,18.812627137798536,0
Ghana,Africa,31133483,39642,0,199,0,36384,0,3059,7,1273,6,405817,13035,Africa,0.5019928358811362,6.391832227701604,91.78144392311185,7.716563241007012,0
Kyrgyzstan,Asia,6534479,38659,0,1447,0,30099,0,7113,24,5916,221,267718,40970,Europe,3.7429835225949977,221.44076061764068,77.85767867766886,18.399337799736156,0
Afghanistan,Asia,39009447,36896,0,1298,0,25840,0,9758,31,946,33,90396,2317,EasternMediterranean,3.5179965307892456,33.2739912975439,70.03469210754554,26.44731136166522,0
Switzerland,Europe,8660952,36108,0,1985,0,31600,0,2523,23,4169,229,822764,94997,Europe,5.497396698792512,229.1895856252292,87.51523208153318,6.98737121967431,0
Algeria,Africa,43926079,33626,0,1273,0,23238,0,9115,57,766,29,NA,32585,Africa,3.78576101825968,28.980506090698423,69.10723844644025,27.107000535300063,0
Azerbaijan,Asia,10148243,33247,0,479,0,29275,0,3493,66,3276,47,766179,75499,Europe,1.4407314945709386,47.20028875934485,88.05305741871447,10.506211086714591,0
Morocco,Africa,36953359,29644,0,449,0,20553,0,8642,31,802,12,1383816,37448,EasternMediterranean,1.514640399406288,12.15045160035384,69.3327486169208,29.152610983672915,0
Uzbekistan,Asia,33516027,28315,0,175,0,19291,0,8849,228,845,5,1377915,41112,Europe,0.6180469715698393,5.221382594064625,68.12996644887869,31.25198657955147,0
Serbia,Europe,8733665,27332,0,621,0,14047,0,12664,120,3129,71,723137,82799,Europe,2.2720620518074055,71.10416989889124,51.393970437582325,46.33396751061027,0
Moldova,Europe,4032983,26628,0,828,0,18676,0,7124,362,6603,205,128076,31757,Europe,3.1095087877422265,205.3070890702986,70.13669821240799,26.753792999849786,0
Ireland,Europe,4943200,26372,0,1768,0,23364,0,1240,5,5335,358,652917,132084,Europe,6.704080084938571,357.6630522738307,88.59396329440315,4.701956620658274,0
Kenya,Africa,53881160,24411,0,399,0,10444,0,13568,44,453,7,335318,6223,Africa,1.6345090328130762,7.405185782934146,42.783990823808935,55.58150014337798,0
Venezuela,South America,28427499,22299,0,195,0,12146,0,9958,42,784,7,1567431,55138,Americas,0.8744786761738195,6.859555249654568,54.4688102605498,44.656711063276376,0
Nepal,Asia,29186486,21750,0,65,0,15389,0,6296,0,745,2,731977,25079,South-EastAsia,0.2988505747126437,2.2270580980526398,70.75402298850575,28.947126436781613,0
Austria,Europe,9011577,21696,0,719,0,19596,0,1381,25,2408,80,937275,104008,Europe,3.313974926253687,79.78625716675339,90.320796460177,6.365228613569321,0
Costa Rica,North America,5098730,21070,0,200,0,7038,0,13832,103,4132,39,96110,18850,Americas,0.9492168960607499,39.225454181727606,33.40294257237779,65.64784053156146,0
Ethiopia,Africa,115223736,20900,0,365,0,9027,0,11508,185,181,3,468814,4069,Africa,1.7464114832535886,3.167750089269801,43.19138755980861,55.0622009569378,0
Australia,Australia/Oceania,25528864,19890,0,255,0,10941,0,8694,52,779,10,4631419,181419,WesternPacific,1.282051282051282,9.988693582291795,55.00754147812972,43.710407239819006,0
El Salvador,North America,6489514,19126,0,513,0,9236,0,9377,509,2947,79,251271,38720,Americas,2.6822126947610583,79.05060378943631,48.290285475269265,49.02750182996968,0
Czechia,Europe,10711019,17731,0,390,0,12320,0,5021,17,1655,36,728670,68030,Europe,2.199537533134059,36.41110150210732,69.48282668772207,28.317635779143874,0
Cameroon,Africa,26606188,17718,0,391,0,15320,0,2007,30,666,15,149000,5600,Africa,2.2067953493622303,14.695829406302023,86.46574105429507,11.327463596342701,0
Ivory Coast,Africa,26437950,16447,0,103,0,12484,0,3860,0,622,4,104584,3956,Africa,0.6262540280902292,3.895914774027487,75.9044202590138,23.46932571289597,0
S. Korea,Asia,51273732,14519,20,303,1,13543,42,673,18,283,6,1613652,31471,WesternPacific,2.086920586817274,5.909458667841849,93.27777395137406,4.635305461808664,0.13775053378331842
Denmark,Europe,5794279,14306,0,617,0,12787,0,902,2,2469,106,1654512,285542,Europe,4.312875716482595,106.48434429891968,89.38207745002097,6.3050468334964345,0
Palestine,Asia,5112340,13398,0,92,0,6907,0,6399,0,2621,18,200280,39176,EasternMediterranean,0.6866696521868936,17.995673214222844,51.55247051798776,47.76085982982535,0
Bosnia and Herzegovina,Europe,3278650,13396,0,384,0,7042,0,5970,0,4086,117,147021,44842,Europe,2.866527321588534,117.12137617617007,52.567930725589726,44.56554195282173,0
Bulgaria,Europe,6942854,13014,0,435,0,7374,0,5205,47,1874,63,294087,42358,Europe,3.342554172429691,62.65434934970547,56.662056247118485,39.99538958045182,0
Madagascar,Africa,27755708,12526,0,134,0,10148,0,2244,88,451,5,46301,1668,Africa,1.06977486827399,4.82783577345604,81.01548778540636,17.914737346319658,0
Sudan,Africa,43943536,11780,0,763,0,6194,0,4823,0,268,17,401,9,EasternMediterranean,6.4770797962648565,17.363190800121316,52.58064516129032,40.94227504244482,0
North Macedonia,Europe,2083365,11399,0,517,0,7480,0,3402,3,5471,248,109946,52773,Europe,4.535485568909554,248.156228025334,65.61979120975523,29.844723221335208,0
Senegal,Africa,16783877,10715,0,223,0,7101,0,3391,33,638,13,114761,6838,Africa,2.0811945870275315,13.286560667717,66.27158189454036,31.647223518432106,0
Norway,Europe,5425471,9468,0,256,0,8857,0,355,3,1745,47,472841,87152,Europe,2.703844528939586,47.18484349100751,93.54668356569498,3.7494719053654415,0
DRC,Africa,89802183,9309,0,215,0,8048,0,1046,0,104,2,NA,32585,Africa,2.309592867117843,2.394151153318845,86.45396927704371,11.236437855838435,0
Malaysia,Asia,32406372,9038,0,125,0,8713,0,200,2,279,4,991333,30591,WesternPacific,1.3830493472007082,3.8572660956925384,96.40407169727816,2.2128789555211332,0
French Guiana,South America,299385,8127,0,47,0,7240,0,840,23,27146,157,41412,138324,NA,0.5783191829703458,156.98849307747548,89.08576350436816,10.335917312661499,0
Gabon,Africa,2230563,7787,0,51,0,5609,0,2127,11,3491,23,85369,38272,Africa,0.6549377167073328,22.86418271978868,72.03030692179273,27.314755361499937,0
Tajikistan,Asia,9557468,7665,0,62,0,6443,0,1160,0,802,6,NA,32585,Europe,0.8088714938030006,6.487073773095552,84.05740378343118,15.133724722765818,0
Guinea,Africa,13164905,7664,0,49,0,6757,0,858,24,582,4,14407,1094,Africa,0.6393528183716075,3.7220169837913755,88.16544885177453,11.195198329853861,0
Haiti,North America,11416103,7544,0,171,0,4832,0,2541,0,661,15,18443,1616,Americas,2.2667020148462353,14.978841729090917,64.050901378579,33.68239660657476,0
Finland,Europe,5541604,7532,0,331,0,6980,0,221,0,1359,60,389500,70287,Europe,4.394583112055231,59.72999875126408,92.6712692511949,2.9341476367498673,0
Zambia,Africa,18430129,7164,0,199,0,5786,0,1179,0,389,11,90307,4900,Africa,2.7777777777777777,10.797537011271055,80.76493579006141,16.457286432160803,0
Luxembourg,Europe,626952,7073,0,119,0,5750,0,1204,9,11282,190,623994,995282,Europe,1.6824544040718223,189.8071941711646,81.29506574296622,17.02247985296197,0
Mauritania,Africa,4660728,6444,0,157,0,5291,0,996,3,1383,34,57387,12313,Africa,2.436374922408442,33.68572463357656,82.10738671632527,15.456238361266294,0
Paraguay,South America,7141091,6375,0,66,0,4974,0,1335,23,893,9,135277,18943,Americas,1.035294117647059,9.242285247450285,78.0235294117647,20.941176470588236,0
Albania,Europe,2877470,6016,0,188,0,3155,0,2673,23,2091,65,38997,13553,Europe,3.125,65.33517291231533,52.44348404255319,44.43151595744681,0
Lebanon,Asia,6822220,5672,0,70,0,1974,0,3628,46,831,10,345268,50609,EasternMediterranean,1.2341325811001411,10.260589661429858,34.80253878702398,63.96332863187588,0
Croatia,Europe,4102577,5404,0,155,0,4688,0,561,7,1317,38,125317,30546,Europe,2.868245743893412,37.78113122556871,86.75055514433753,10.38119911176906,0
Djibouti,Africa,989387,5330,0,59,0,5057,0,214,0,5387,60,59909,60552,EasternMediterranean,1.1069418386491556,59.63288379572402,94.8780487804878,4.01500938086304,0
Greece,Europe,10417673,5123,0,210,0,1374,0,3539,14,492,20,619393,59456,Europe,4.0991606480577785,20.158052570857237,26.820222525863752,69.08061682607847,0
Libya,Africa,6880353,4879,0,107,0,652,0,4120,0,709,16,59699,8677,EasternMediterranean,2.193072350891576,15.551527661444114,13.363394138143061,84.44353351096537,0
Equatorial Guinea,Africa,1407001,4821,0,83,0,2182,0,2556,0,3426,59,44356,31525,Africa,1.7216345156606514,58.99071855670323,45.2603194358017,53.01804604853765,0
Maldives,Asia,541448,4680,0,19,0,2725,0,1936,12,8643,35,85587,158071,South-EastAsia,0.40598290598290604,35.09108907965308,58.22649572649573,41.36752136752136,0
CAR,Africa,4837752,4620,0,59,0,1641,0,2920,2,955,12,29589,6116,NA,1.277056277056277,12.195747115602453,35.51948051948052,63.20346320346321,0
Hungary,Europe,9657785,4597,0,600,0,3463,0,534,8,476,62,352546,36504,Europe,13.051990428540353,62.126046500310366,75.33173809005874,11.616271481400913,0
Malawi,Africa,19174839,4491,0,137,0,2137,0,2217,4,234,7,33466,1745,Africa,3.050545535515475,7.144779677159219,47.58405700289468,49.36539746158984,0
Zimbabwe,Africa,14883803,4339,0,84,0,1264,0,2991,0,292,6,140421,9434,Africa,1.9359299377736807,5.643718880181362,29.131136206499193,68.93293385572713,0
Nicaragua,North America,6632263,3902,0,123,0,2913,0,866,0,588,19,NA,32585,Americas,3.1522296258329066,18.545706043321864,74.65402357765248,22.193746796514606,0
Hong Kong,Asia,7503041,3850,0,46,0,2458,0,1346,39,513,6,692430,92287,WesternPacific,1.194805194805195,6.130847479042164,63.84415584415585,34.96103896103896,0
Congo,Africa,5530506,3546,0,58,0,1589,0,1899,0,641,10,NA,32585,Africa,1.6356457980823462,10.487286335102068,44.81105470953187,53.55329949238579,0
Montenegro,Europe,628074,3480,0,60,0,2178,0,1242,0,5541,96,38427,61182,Europe,1.7241379310344827,95.53014453710868,62.58620689655172,35.689655172413794,0
Thailand,Asia,69817894,3330,0,58,0,3148,0,124,1,48,0.8,749213,10731,South-EastAsia,1.7417417417417418,0.8307325912752396,94.53453453453453,3.7237237237237237,0
Somalia,Africa,15933012,3227,0,93,0,1728,0,1406,2,203,6,NA,32585,EasternMediterranean,2.8819336845367216,5.83693779933135,53.54818717074682,43.56987914471645,0
Mayotte,Africa,273419,3042,0,39,0,2738,0,265,2,11126,143,13000,47546,NA,1.282051282051282,142.63822192312895,90.00657462195923,8.71137409598948,0
Eswatini,Africa,1161348,2968,0,55,0,1476,0,1437,5,2556,47,20784,17896,Africa,1.853099730458221,47.35875895941613,49.73045822102426,48.416442048517524,0
Sri Lanka,Asia,21422362,2839,0,11,0,2541,0,287,1,133,0.5,166737,7783,South-EastAsia,0.3874603733709053,0.5134821267608118,89.50334624867912,10.109193377949982,0
Cuba,North America,11325899,2775,0,88,0,2409,0,278,4,245,8,285471,25205,Americas,3.171171171171171,7.769802644364036,86.8108108108108,10.018018018018019,0
Cabo Verde,Africa,556581,2734,0,27,0,2010,0,697,0,4912,49,61633,110735,Africa,0.9875640087783468,48.510459394050464,73.51865398683248,25.493782004389175,0
Namibia,Africa,2545264,2652,0,15,0,563,0,2074,24,1042,6,29233,11485,Africa,0.5656108597285068,5.893298298329761,21.229260935143287,78.2051282051282,0
Mali,Africa,20302901,2552,0,124,0,1954,0,474,0,126,6,25152,1239,Africa,4.858934169278997,6.107501583148142,76.56739811912226,18.573667711598745,0
Slovakia,Europe,5459915,2480,0,29,0,1824,0,627,2,454,5,272322,49877,Europe,1.1693548387096775,5.311437998576901,73.54838709677419,25.282258064516128,0
South Sudan,Africa,11206572,2450,0,47,0,1175,0,1228,0,219,4,12044,1075,Africa,1.9183673469387756,4.193967611148173,47.95918367346938,50.12244897959184,0
Slovenia,Europe,2078968,2223,0,125,0,1909,0,189,2,1069,60,135702,65274,Europe,5.623031938821413,60.12598558515571,85.87494376968061,8.502024291497975,0
Lithuania,Europe,2718121,2171,0,81,0,1656,0,434,6,799,30,540784,198955,Europe,3.7309995393827724,29.799997866172994,76.27821280515892,19.990787655458313,0
Estonia,Europe,1326627,2124,0,63,0,1954,0,107,0,1601,47,122880,92626,Europe,2.9661016949152543,47.488857078892565,91.99623352165726,5.037664783427495,0
Mozambique,Africa,31333962,2120,0,15,0,795,0,1310,0,68,0.5,65151,2079,Africa,0.7075471698113208,0.4787137994231307,37.5,61.79245283018868,0
Rwanda,Africa,12981546,2111,0,5,0,1258,0,848,0,163,0.4,286251,22051,Africa,0.23685457129322599,0.38516213708290215,59.59261013737566,40.17053529133112,0
Suriname,South America,587154,2096,0,29,0,1446,0,621,9,3570,49,2785,4743,Americas,1.383587786259542,49.39079015045456,68.98854961832062,29.627862595419845,0
Guinea-Bissau,Africa,1972277,2032,0,27,0,944,0,1061,5,1030,14,1500,761,Africa,1.328740157480315,13.689760616789629,46.45669291338583,52.21456692913385,0
Benin,Africa,12151976,1936,0,38,0,1600,0,298,1,159,3,93677,7709,Africa,1.962809917355372,3.127063450421561,82.64462809917356,15.392561983471072,0
Iceland,Europe,341465,1930,0,10,0,1825,0,95,0,5652,29,149693,438385,Europe,0.5181347150259068,29.285578316957814,94.55958549222798,4.922279792746114,0
Sierra Leone,Africa,7992169,1877,0,67,0,1427,0,383,0,235,8,NA,32585,Africa,3.569525839104955,8.383206110881789,76.02557272242942,20.404901438465636,0
Yemen,Asia,29886897,1768,0,508,0,898,0,362,0,59,17,120,4,EasternMediterranean,28.733031674208142,16.99741528871331,50.7918552036199,20.475113122171944,0
Tunisia,Africa,11830801,1642,0,51,0,1241,0,350,9,139,4,100298,8478,EasternMediterranean,3.1059683313032886,4.310781662205289,75.57856272838002,21.315468940316688,0
New Zealand,Australia/Oceania,5002100,1569,0,22,0,1524,0,23,0,314,4,486943,97348,WesternPacific,1.4021669853409815,4.398152775834149,97.131931166348,1.4659018483110262,0
Angola,Africa,32956300,1483,0,64,0,520,0,899,20,45,2,64747,1965,Africa,4.315576534052596,1.9419655725915834,35.06405933917735,60.62036412677006,0
Uruguay,South America,3474956,1318,0,37,0,1079,0,202,2,379,11,126956,36535,Americas,2.8072837632776935,10.647616833134002,81.86646433990894,15.326251896813353,0
Latvia,Europe,1883936,1275,0,32,0,1070,0,173,0,677,17,207909,110359,Europe,2.5098039215686274,16.985715013673502,83.92156862745098,13.568627450980392,0
Jordan,Asia,10213138,1232,0,11,0,1171,0,50,3,121,1,628745,61562,EasternMediterranean,0.8928571428571428,1.0770440975143976,95.0487012987013,4.058441558441558,0
Liberia,Africa,5068618,1224,0,78,0,705,0,441,0,241,15,NA,32585,Africa,6.372549019607843,15.38881012536356,57.59803921568627,36.029411764705884,0
Uganda,Africa,45867852,1223,0,5,0,1102,0,116,0,27,0.1,288367,6287,Africa,0.4088307440719542,0.10900881078974442,90.1062959934587,9.484873262469337,0
Cyprus,Asia,1208238,1208,0,19,0,856,0,333,0,1000,16,216597,179267,Europe,1.5728476821192054,15.725378609181305,70.86092715231787,27.566225165562912,0
Georgia,Asia,3988368,1206,0,17,0,987,0,202,0,302,4,240473,60294,Europe,1.4096185737976783,4.2623950447902494,81.8407960199005,16.749585406301822,0
Burkina Faso,Africa,20954852,1158,0,54,0,961,0,143,0,55,3,NA,32585,Africa,4.66321243523316,2.5769688089421963,82.98791018998273,12.348877374784111,0
Niger,Africa,24281433,1153,0,69,0,1057,0,27,0,47,3,9052,373,Africa,5.9843885516045106,2.841677424886744,91.67389418907199,2.3417172593235036,0
Togo,Africa,8296582,1012,0,22,0,697,0,293,2,122,3,45767,5516,Africa,2.1739130434782608,2.651694396559933,68.87351778656127,28.952569169960473,0
Syria,Asia,17539600,999,0,48,0,311,0,640,0,57,3,NA,32585,EasternMediterranean,4.804804804804805,2.7366644621314054,31.131131131131127,64.06406406406407,0
Jamaica,North America,2962478,958,30,12,0,745,0,201,0,323,4,41840,14123,Americas,1.2526096033402923,4.050662992265259,77.76617954070981,20.981210855949893,3.1315240083507305
Malta,Europe,441663,946,0,9,0,670,0,267,0,2142,20,136713,309541,Europe,0.9513742071881607,20.3775276624938,70.82452431289641,28.224101479915433,0
Andorra,Europe,77278,944,0,52,0,828,0,64,1,12216,673,3750,48526,Europe,5.508474576271186,672.8952612645255,87.71186440677965,6.779661016949152,0
Chad,Africa,16467965,942,0,76,0,838,0,28,0,57,5,NA,32585,Africa,8.067940552016985,4.615020738749445,88.95966029723992,2.9723991507431,0
Gambia,Africa,2422754,935,0,16,0,136,0,783,0,386,7,5183,2139,Africa,1.7112299465240641,6.604054724499474,14.545454545454545,83.74331550802138,0
Sao Tome and Principe,Africa,219544,878,0,15,0,797,0,66,0,3999,68,3079,14025,Africa,1.7084282460136675,68.3234340268921,90.7744874715262,7.517084282460136,0
Botswana,Africa,2356075,804,0,2,0,63,0,739,1,341,0.8,68423,29041,Africa,0.24875621890547264,0.8488694120518235,7.835820895522389,91.91542288557214,0
Bahamas,North America,393616,761,0,14,0,91,0,656,1,1933,36,4814,12230,Americas,1.8396846254927726,35.56765985122556,11.957950065703022,86.2023653088042,0
Vietnam,Asia,97425470,747,0,10,0,392,0,345,0,8,0.1,482456,4952,WesternPacific,1.3386880856760375,0.10264256359245688,52.47657295850067,46.1847389558233,0
Lesotho,Africa,2143943,742,0,23,0,175,0,544,0,346,11,8771,4091,Africa,3.0997304582210243,10.72789715025073,23.58490566037736,73.31536388140162,0
Diamond Princess,NA,NA,712,0,13,0,651,0,48,4,1015,29,NA,32585,NA,1.8258426966292134,NA,91.43258426966293,6.741573033707865,0
San Marino,Europe,33938,699,0,42,0,657,0,0,0,20596,1238,6068,178797,Europe,6.008583690987124,1237.5508279804349,93.99141630901288,0,0
Réunion,Africa,895952,671,0,5,0,592,0,74,3,749,6,35419,39532,NA,0.7451564828614009,5.5806561065771385,88.22652757078987,11.028315946348734,0
Channel Islands,Europe,174022,597,0,47,0,533,0,17,0,3431,270,30721,176535,NA,7.872696817420436,270.0807943823195,89.27973199329983,2.8475711892797317,0
Guyana,South America,786936,538,0,22,0,189,0,327,2,684,28,5165,6563,Americas,4.089219330855019,27.956530137139488,35.130111524163574,60.78066914498142,0
Tanzania,Africa,59886383,509,0,21,0,183,0,305,7,8,0.4,NA,32585,Africa,4.12573673870334,0.3506640232388054,35.952848722986246,59.921414538310415,0
Taiwan,Asia,23821199,477,0,7,0,443,0,27,0,20,0.3,82737,3473,WesternPacific,1.4675052410901468,0.293855905405937,92.87211740041928,5.660377358490567,0
Comoros,Africa,871326,396,0,7,0,340,0,49,0,454,8,NA,32585,Africa,1.7676767676767675,8.033732495070732,85.85858585858585,12.373737373737374,0
Burundi,Africa,11922216,395,0,1,0,304,0,90,0,33,0.08,15614,1310,Africa,0.25316455696202533,0.08387702420422512,76.9620253164557,22.78481012658228,0
Myanmar,Asia,54446389,357,0,6,0,308,0,43,0,7,0.1,122290,2246,South-EastAsia,1.680672268907563,0.11020014568826594,86.27450980392157,12.044817927170868,0
Mauritius,Africa,1271985,344,0,10,0,334,0,0,0,270,8,205285,161389,Africa,2.9069767441860463,7.861727929181555,97.09302325581395,0,0
Isle of Man,Europe,85078,336,0,24,0,312,0,0,0,3949,282,8627,101401,NA,7.142857142857142,282.0940783751381,92.85714285714286,0,0
Mongolia,Asia,3283344,293,0,NA,0,260,0,33,1,89,29,38334,11675,WesternPacific,NA,NA,88.73720136518772,11.262798634812286,0
Eritrea,Africa,3551175,282,0,NA,0,225,0,57,0,79,29,NA,32585,Africa,NA,NA,79.7872340425532,20.212765957446805,0
Guadeloupe,North America,400131,279,0,14,0,179,0,86,0,697,35,18476,46175,NA,5.017921146953405,34.98854125273973,64.15770609318996,30.824372759856633,0
Martinique,North America,375235,276,0,15,0,98,0,163,1,736,40,12227,32585,NA,5.434782608695652,39.974949031939985,35.507246376811594,59.05797101449275,0
Faeroe Islands,Europe,48882,266,0,NA,0,192,0,74,1,5442,29,43045,880590,NA,NA,NA,72.18045112781954,27.819548872180448,0
Aruba,North America,106812,263,0,3,0,114,0,146,0,2462,28,14047,131511,NA,1.1406844106463878,28.08673182788451,43.346007604562736,55.51330798479087,0
Cambodia,Asia,16741375,243,0,NA,0,210,0,33,1,15,29,67807,4050,WesternPacific,NA,NA,86.41975308641975,13.580246913580247,0
Trinidad and Tobago,North America,1399950,210,0,8,0,135,0,67,0,150,6,9559,6828,Americas,3.8095238095238098,5.7144898032072575,64.28571428571429,31.9047619047619,0
Cayman Islands,North America,65798,203,0,1,0,202,0,0,0,3085,15,31108,472780,NA,0.49261083743842365,15.198030335268548,99.50738916256158,0,0
Gibraltar,Europe,33690,190,0,NA,0,184,0,6,0,5640,29,23063,684565,NA,NA,NA,96.84210526315789,3.1578947368421053,0
Papua New Guinea,Australia/Oceania,8963009,163,0,3,0,53,0,107,0,18,0.3,10808,1206,WesternPacific,1.8404907975460123,0.3347090246143901,32.515337423312886,65.6441717791411,0
Sint Maarten,North America,42924,160,0,16,0,64,0,80,3,3728,373,1115,25976,NA,10,372.75184046221233,40,50,0
Bermuda,North America,62254,157,0,9,0,144,0,4,0,2522,145,26352,423298,Americas,5.7324840764331215,144.56902367719346,91.71974522292994,2.547770700636943,0
Brunei,Asia,437893,141,0,3,0,138,0,0,0,322,7,41148,93968,NA,2.127659574468085,6.850988711854266,97.87234042553192,0,0
Barbados,North America,287411,133,0,7,0,100,0,26,0,463,24,12233,42563,Americas,5.263157894736842,24.35536566102202,75.18796992481202,19.548872180451127,0
Turks and Caicos,North America,38768,129,0,2,0,39,0,88,3,3327,52,1252,32295,NA,1.550387596899225,51.58893933140735,30.23255813953488,68.21705426356588,0
Seychelles,Africa,98408,126,0,NA,0,124,0,2,0,1280,29,NA,32585,Africa,NA,NA,98.4126984126984,1.5873015873015872,0
Monaco,Europe,39270,125,0,4,0,105,0,16,2,3183,102,38209,972982,Europe,3.2,101.85892538833716,84,12.8,0
Bhutan,Asia,772443,105,0,NA,0,93,0,12,0,136,29,54589,70671,South-EastAsia,NA,NA,88.57142857142857,11.428571428571429,0
Antigua and Barbuda,North America,98010,92,0,3,0,76,0,13,1,939,31,1500,15305,Americas,3.260869565217391,30.60912151821243,82.6086956521739,14.130434782608695,0
Liechtenstein,Europe,38139,89,0,1,0,85,0,3,0,2334,26,900,23598,Europe,1.1235955056179776,26.21987991295,95.50561797752809,3.3707865168539324,0
Belize,North America,398312,86,0,2,0,31,0,53,2,216,5,3679,9236,Americas,2.3255813953488373,5.021189419349655,36.04651162790697,61.627906976744185,0
French Polynesia,Australia/Oceania,281072,64,0,NA,0,62,0,2,0,228,29,5849,20810,NA,NA,NA,96.875,3.125,0
St. Vincent Grenadines,North America,110976,56,0,NA,0,46,0,10,0,505,29,2447,22050,NA,NA,NA,82.14285714285714,17.857142857142858,0
Saint Martin,North America,38729,53,0,3,0,41,0,9,1,1368,77,1183,30546,NA,5.660377358490567,77.46133388416948,77.35849056603774,16.9811320754717,0
Macao,Asia,650193,46,0,NA,0,46,0,0,0,71,29,4071,6261,NA,NA,NA,100,0,0
Curaçao,North America,164161,31,0,1,0,28,0,2,0,189,6,1080,6579,NA,3.225806451612903,6.091580826140191,90.32258064516128,6.451612903225806,0
Fiji,Australia/Oceania,897095,27,0,1,0,18,0,8,0,30,1,6693,7461,WesternPacific,3.7037037037037033,1.1147091445164672,66.66666666666666,29.629629629629626,0
Saint Lucia,North America,183712,25,0,NA,0,24,0,1,0,136,29,3895,21202,Americas,NA,NA,96,4,0
Timor-Leste,Asia,1320812,25,0,NA,0,24,0,1,0,19,29,4238,3209,South-EastAsia,NA,NA,96,4,0
Grenada,North America,112576,24,0,NA,0,23,0,1,0,213,29,6252,55536,Americas,NA,NA,95.83333333333334,4.166666666666666,0
New Caledonia,Australia/Oceania,285769,22,0,NA,0,22,0,0,0,77,29,11099,38839,NA,NA,NA,100,0,0
Laos,Asia,7285750,20,0,NA,0,19,0,1,0,3,29,29374,4032,WesternPacific,NA,NA,95,5,0
Dominica,North America,72004,18,0,NA,0,18,0,0,0,250,29,1005,13958,Americas,NA,NA,100,0,0
Saint Kitts and Nevis,North America,53237,17,0,NA,0,16,0,1,0,319,29,1146,21526,Americas,NA,NA,94.11764705882352,5.88235294117647,0
Greenland,North America,56780,14,0,NA,0,14,0,0,0,247,29,5977,105266,Europe,NA,NA,100,0,0
Montserrat,North America,4992,13,0,1,0,10,0,2,0,2604,200,61,12220,NA,7.6923076923076925,200.32051282051282,76.92307692307693,15.384615384615385,0
Caribbean Netherlands,North America,26247,13,0,NA,0,7,0,6,0,495,29,424,16154,NA,NA,NA,53.84615384615385,46.15384615384615,0
Falkland Islands,South America,3489,13,0,NA,0,13,0,0,0,3726,29,1816,520493,NA,NA,NA,100,0,0
Vatican City,Europe,801,12,0,NA,0,12,0,0,0,14981,29,NA,32585,Europe,NA,NA,100,0,0
Western Sahara,Africa,598682,10,0,1,0,8,0,1,0,17,2,NA,32585,Africa,10,1.670335837723533,80,10,0
